{"initial_reset_timestamp": 1589080725.464146, "timestamps": [1589080727.410687, 1589080727.808566, 1589080727.885412, 1589080727.9318662, 1589080727.975868, 1589080728.042847, 1589080728.070369, 1589080728.167925, 1589080728.476972, 1589080728.561836, 1589080728.593712, 1589080728.629102, 1589080728.693467, 1589080728.716717, 1589080728.736982, 1589080728.771124, 1589080728.794223, 1589080728.826428, 1589080728.848811, 1589080728.873308, 1589080728.93411, 1589080728.969325, 1589080728.989402, 1589080729.028789, 1589080729.0737422, 1589080729.107538, 1589080729.1368902, 1589080729.3935459, 1589080729.46424, 1589080729.4838011, 1589080729.505802, 1589080729.5428412, 1589080729.579508, 1589080729.5975199, 1589080729.616383, 1589080729.6409001, 1589080729.670039, 1589080729.709663, 1589080729.757888, 1589080730.004713, 1589080730.076204, 1589080730.101991, 1589080730.130007, 1589080730.241447, 1589080730.3360598, 1589080731.069692, 1589080731.153476, 1589080731.270061, 1589080731.423425, 1589080731.585845, 1589080731.6694689, 1589080731.9698591, 1589080732.1637802, 1589080732.338003, 1589080732.6976728, 1589080732.83113, 1589080733.025648, 1589080733.10225, 1589080733.199937, 1589080733.333226, 1589080733.400578, 1589080733.450727, 1589080733.567882, 1589080733.618548, 1589080734.3046908, 1589080734.555048, 1589080734.6219149, 1589080734.728449, 1589080734.815923, 1589080734.908293, 1589080735.020105, 1589080735.084985, 1589080735.147956, 1589080735.2949991, 1589080735.3599858, 1589080735.4688041, 1589080735.533073, 1589080735.626625, 1589080735.735669, 1589080735.9058828, 1589080735.9916549, 1589080736.1025438, 1589080736.167306, 1589080736.2867892, 1589080736.5175428, 1589080736.672104, 1589080736.838069, 1589080736.9425678, 1589080737.0289369, 1589080737.122862, 1589080737.2060091, 1589080737.2610712, 1589080737.5395122, 1589080737.700494, 1589080737.758527, 1589080737.958718, 1589080738.142137, 1589080738.2742348, 1589080738.480741, 1589080738.618999, 1589080738.6998882, 1589080738.808653, 1589080738.915914, 1589080739.09074, 1589080739.400299, 1589080739.4997, 1589080739.612594, 1589080739.717959, 1589080739.9190772, 1589080740.031447, 1589080740.353472, 1589080740.502769, 1589080740.609706, 1589080740.7848692, 1589080740.859854, 1589080741.0440588, 1589080741.1168718, 1589080741.181725, 1589080741.294114, 1589080741.361084, 1589080741.522283, 1589080741.587937, 1589080741.6566458, 1589080741.748703, 1589080741.839653, 1589080742.57778, 1589080742.84527, 1589080742.931798, 1589080742.993729, 1589080743.124361, 1589080743.316103, 1589080743.4156969, 1589080743.4789581, 1589080743.627126, 1589080743.720196, 1589080743.847799, 1589080744.025194, 1589080744.1565912, 1589080744.3284018, 1589080744.4105332, 1589080744.517308, 1589080744.623286, 1589080744.6870499, 1589080744.8157141, 1589080744.8806038, 1589080745.054852, 1589080745.162428, 1589080745.304933, 1589080745.381815, 1589080745.4833689, 1589080745.5266612, 1589080745.6513548, 1589080746.210311, 1589080746.35187, 1589080746.767256, 1589080747.0249689, 1589080747.266554, 1589080747.603905, 1589080748.004392, 1589080748.713129, 1589080749.556857, 1589080749.682975, 1589080749.946974, 1589080750.088254, 1589080750.215898, 1589080750.665472, 1589080750.727886, 1589080750.8932118, 1589080751.117089, 1589080751.39248, 1589080751.5170078, 1589080751.820374, 1589080751.991765, 1589080752.1208699, 1589080752.5980082, 1589080752.981451, 1589080753.696864, 1589080754.265601, 1589080754.815925, 1589080755.473253, 1589080756.3264298, 1589080757.844167, 1589080758.138376, 1589080758.374499, 1589080759.3000488, 1589080759.458729, 1589080759.9058712, 1589080760.5404139, 1589080761.398301, 1589080761.649337, 1589080762.474405, 1589080763.2468941, 1589080764.5903108, 1589080765.514338, 1589080766.312932, 1589080767.2115798, 1589080767.77858, 1589080768.264368, 1589080768.489137, 1589080769.202207, 1589080770.030399, 1589080770.648787, 1589080771.6844642, 1589080773.1184142, 1589080775.314848, 1589080776.427959, 1589080776.862943, 1589080777.6438, 1589080778.75878, 1589080779.697356, 1589080780.399673, 1589080781.8078048, 1589080783.899153, 1589080785.123789, 1589080786.3145401, 1589080787.249675, 1589080791.893481, 1589080793.1343749, 1589080794.176128, 1589080795.000831, 1589080795.957359, 1589080796.867289, 1589080797.658587, 1589080798.503432, 1589080799.529094, 1589080800.584796, 1589080801.603652, 1589080803.123893, 1589080804.242369, 1589080805.366312, 1589080806.2425542, 1589080807.5530372, 1589080808.370637, 1589080809.519254, 1589080810.572831, 1589080811.615674, 1589080812.616502, 1589080813.5998049, 1589080814.6006489, 1589080815.592167, 1589080816.397961, 1589080817.0811598, 1589080817.866459, 1589080818.993716, 1589080819.833455, 1589080820.8860621, 1589080821.930708, 1589080822.866814, 1589080823.551717, 1589080824.360037, 1589080825.3358028, 1589080826.151275, 1589080827.337357, 1589080828.37584, 1589080829.079197, 1589080830.024022, 1589080830.530387, 1589080830.743832, 1589080831.199193, 1589080831.831197, 1589080832.4269938, 1589080832.949408, 1589080833.6358771, 1589080834.345088, 1589080836.278671, 1589080837.713335, 1589080838.800949, 1589080839.738645, 1589080842.074523, 1589080843.484273, 1589080844.6611469, 1589080845.646348, 1589080846.760585, 1589080847.712767, 1589080848.678605, 1589080849.6641102, 1589080850.5535512, 1589080851.583114, 1589080852.274409, 1589080852.878252, 1589080853.555459, 1589080854.2143118, 1589080855.00811, 1589080855.7048619, 1589080856.345024, 1589080856.883971, 1589080857.344921, 1589080857.925592, 1589080858.596304, 1589080859.154784, 1589080859.98787, 1589080860.765464, 1589080861.7127402, 1589080862.415791, 1589080863.090823, 1589080863.883277, 1589080864.432232, 1589080865.0197608, 1589080865.915232, 1589080866.571286, 1589080867.110712, 1589080867.170152, 1589080867.619238, 1589080868.133048, 1589080868.210697, 1589080868.726919, 1589080869.2276459, 1589080869.651475, 1589080870.217053, 1589080870.906, 1589080871.4825878, 1589080872.148679, 1589080873.126136, 1589080874.106111, 1589080875.092177, 1589080876.080775, 1589080877.1165671, 1589080878.1645691, 1589080878.823672, 1589080879.840297, 1589080880.860984, 1589080881.926781, 1589080882.9613261, 1589080883.6661649, 1589080884.2636359, 1589080884.816166, 1589080885.7099688, 1589080886.622794, 1589080887.674693, 1589080888.68538, 1589080889.365791, 1589080890.093726, 1589080891.091084, 1589080891.753825, 1589080892.8264709, 1589080893.804784, 1589080894.8081868, 1589080895.814322, 1589080896.643143, 1589080897.3226728, 1589080897.9188192, 1589080898.637898, 1589080899.03832, 1589080900.831164, 1589080901.4881852, 1589080901.991594, 1589080903.0595121, 1589080904.123338, 1589080905.1414158, 1589080905.6529121, 1589080906.17813, 1589080906.737132, 1589080907.2778392, 1589080907.837394, 1589080908.335434, 1589080908.825801, 1589080909.416776, 1589080909.930933, 1589080910.553797, 1589080911.122744, 1589080911.635392, 1589080912.2338471, 1589080912.775954, 1589080913.2685282, 1589080913.8660831, 1589080914.489675, 1589080915.0829399, 1589080915.889326, 1589080916.6373792, 1589080917.5743349, 1589080918.5950441, 1589080919.7165089, 1589080920.7418208, 1589080921.600954, 1589080922.181453, 1589080922.95557, 1589080923.9515252, 1589080925.029027, 1589080926.060631, 1589080927.113895, 1589080928.1272519, 1589080929.1413262, 1589080930.1980128, 1589080930.796848, 1589080931.639777, 1589080932.340589, 1589080932.827123, 1589080933.8325891, 1589080934.495061],