{"initial_reset_timestamp": 1589083651.535178, "timestamps": [1589083654.8204029, 1589083655.7209191, 1589083656.7980611, 1589083657.880357, 1589083658.4804218], "episode_lengths": [20, 14, 29, 20, 11], "episode_rewards": [20.0, 14.0, 29.0, 20.0, 11.0], "episode_types": ["t", "t", "t", "t", "t"]}