{"initial_reset_timestamp": 1589081500.9646232, "timestamps": [1589081502.633953, 1589081503.367427, 1589081504.178273, 1589081505.22848, 1589081505.644747], "episode_lengths": [8, 12, 22, 29, 10], "episode_rewards": [8.0, 12.0, 22.0, 29.0, 10.0], "episode_types": ["t", "t", "t", "t", "t"]}