{"initial_reset_timestamp": 1589082355.571168, "timestamps": [1589082382.1722581, 1589082397.045855, 1589082408.638335, 1589082416.856166, 1589082431.788372], "episode_lengths": [500, 500, 500, 500, 500], "episode_rewards": [500.0, 500.0, 500.0, 500.0, 500.0], "episode_types": ["t", "t", "t", "t", "t"]}