{"initial_reset_timestamp": 1589086468.8019576, "timestamps": [1589086479.642643, 1589086516.89846, 1589086564.9500065, 1589086614.983301, 1589086659.8551092, 1589086697.3709786, 1589086747.1407568, 1589086788.6574283, 1589086827.8848536, 1589086872.6966083, 1589086917.9103386, 1589086959.9786394, 1589086996.8701448, 1589087038.6259499, 1589087076.7683692], "episode_lengths": [1124, 1122, 1391, 1337, 1266, 1054, 1323, 1165, 1083, 1248, 1181, 1142, 998, 1121, 1020], "episode_rewards": [-20.0, -21.0, -20.0, -20.0, -21.0, -21.0, -19.0, -20.0, -21.0, -21.0, -21.0, -20.0, -21.0, -20.0, -21.0], "episode_types": ["t", "t", "t", "t", "t", "t", "t", "t", "t", "t", "t", "t", "t", "t", "t", "t"]}