{"initial_reset_timestamp": 1589142730.283308, "timestamps": [1589142763.4303901, 1589142771.632128, 1589142785.742986, 1589142801.308087, 1589142810.223787], "episode_lengths": [1996, 1656, 1626, 1623, 1649], "episode_rewards": [13.0, 20.0, 21.0, 21.0, 20.0], "episode_types": ["t", "t", "t", "t", "t"]}