{"initial_reset_timestamp": 1589080686.942376, "timestamps": [1589080689.283846, 1589080689.4994938, 1589080689.548897, 1589080689.563699, 1589080689.583447, 1589080689.6072378, 1589080689.622567, 1589080689.632565, 1589080689.838529, 1589080689.89623, 1589080689.90873, 1589080689.946497, 1589080689.963639, 1589080689.972578, 1589080689.98686, 1589080690.001544, 1589080690.015647, 1589080690.0469272, 1589080690.0723908, 1589080690.103766, 1589080690.120469, 1589080690.133904, 1589080690.150215, 1589080690.169075, 1589080690.184138, 1589080690.200479, 1589080690.209733, 1589080690.44391, 1589080690.506593, 1589080690.541151, 1589080690.569524, 1589080690.6021051, 1589080690.642195, 1589080690.6565819, 1589080690.665511, 1589080690.6902761, 1589080690.704532, 1589080690.726157, 1589080690.753161, 1589080690.780565, 1589080690.79931, 1589080690.820171, 1589080690.84003, 1589080690.85857, 1589080690.908233, 1589080690.944157, 1589080690.965111, 1589080690.9748359, 1589080690.99091, 1589080691.008329, 1589080691.024061, 1589080691.039954, 1589080691.064855, 1589080691.093468, 1589080691.115978, 1589080691.192723, 1589080691.223395, 1589080691.237694, 1589080691.2783449, 1589080691.29168, 1589080691.312345, 1589080691.3290932, 1589080691.3545878, 1589080691.37428, 1589080691.554591, 1589080691.619478, 1589080691.6378481, 1589080691.664007, 1589080691.684272, 1589080691.709142, 1589080691.7219892, 1589080691.7518542, 1589080691.768351, 1589080691.7847319, 1589080691.797976, 1589080691.843065, 1589080691.860446, 1589080691.879256, 1589080691.8962991, 1589080691.912211, 1589080691.930857, 1589080691.9443269, 1589080691.9596941, 1589080691.9723048, 1589080692.0028381, 1589080692.022687, 1589080692.05055, 1589080692.10559, 1589080692.127546, 1589080692.139159, 1589080692.152844, 1589080692.1680481, 1589080692.181761, 1589080692.203146, 1589080692.223731, 1589080692.2431538, 1589080692.260051, 1589080692.291052, 1589080692.31303, 1589080692.3342621, 1589080692.3489861, 1589080692.362605, 1589080692.37451, 1589080692.388155, 1589080692.404116, 1589080692.415782, 1589080692.4498959, 1589080692.500928, 1589080692.5143192, 1589080692.529408, 1589080692.5515761, 1589080692.609119, 1589080692.637047, 1589080692.6594791, 1589080692.680491, 1589080692.697419, 1589080692.711371, 1589080692.730622, 1589080692.7711601, 1589080692.788026, 1589080692.806311, 1589080692.821673, 1589080692.838038, 1589080692.8578718, 1589080692.872316, 1589080693.1099148, 1589080693.168572, 1589080693.193093, 1589080693.212924, 1589080693.2246919, 1589080693.239549, 1589080693.257906, 1589080693.272379, 1589080693.288967, 1589080693.302306, 1589080693.3189352, 1589080693.333917, 1589080693.352826, 1589080693.3663201, 1589080693.4032419, 1589080693.418199, 1589080693.437213, 1589080693.4593978, 1589080693.474299, 1589080693.487634, 1589080693.501781, 1589080693.5112221, 1589080693.523524, 1589080693.541012, 1589080693.5572228, 1589080693.582627, 1589080693.601984, 1589080693.6155899, 1589080693.626116, 1589080693.636236, 1589080693.64714, 1589080693.657996, 1589080693.666545, 1589080693.681324, 1589080693.700307, 1589080693.716885, 1589080693.735071, 1589080693.7727501, 1589080693.7861419, 1589080693.797947, 1589080693.820323, 1589080693.832336, 1589080693.844605, 1589080693.862161, 1589080693.885281, 1589080693.895849, 1589080693.905807, 1589080693.949999, 1589080693.9608588, 1589080693.9734368, 1589080693.995911, 1589080694.0076191, 1589080694.031787, 1589080694.0641081, 1589080694.0762181, 1589080694.093193, 1589080694.1044722, 1589080697.1420531, 1589080697.1784089, 1589080697.227925, 1589080697.250175, 1589080697.3310568, 1589080697.342289, 1589080697.4343429, 1589080697.531795, 1589080697.548546, 1589080697.584099, 1589080697.6069891, 1589080697.647833, 1589080697.6663911, 1589080697.68556, 1589080697.700188, 1589080697.732503, 1589080697.7800572, 1589080697.82271, 1589080697.848137, 1589080697.976351, 1589080698.044147, 1589080698.082749, 1589080698.141461, 1589080698.167428, 1589080698.1853492, 1589080698.231358, 1589080698.247512, 1589080698.289257, 1589080698.344448, 1589080698.4103758, 1589080698.429777, 1589080698.447403, 1589080698.5510578, 1589080698.6162298, 1589080700.34056, 1589080700.411937, 1589080700.48792, 1589080700.559464, 1589080700.632907, 1589080700.67643, 1589080700.743576, 1589080700.786348, 1589080700.8241339, 1589080700.844749, 1589080700.900894, 1589080700.972836, 1589080701.028354, 1589080701.045909, 1589080701.100204, 1589080701.1331148, 1589080701.224447, 1589080701.272319, 1589080701.288061, 1589080701.306842, 1589080701.3951948, 1589080701.492301, 1589080701.563595, 1589080701.618589, 1589080701.632294, 1589080701.720646, 1589080701.769239, 1589080701.783778, 1589080701.835676, 1589080701.8570619, 1589080701.891635, 1589080701.9193, 1589080701.935353, 1589080701.9562519, 1589080701.998792, 1589080702.015711, 1589080702.027426, 1589080702.07712, 1589080702.1292522, 1589080702.163531, 1589080702.187569, 1589080702.237687, 1589080702.2676249, 1589080702.314909, 1589080702.326546, 1589080702.3448892, 1589080702.4351082, 1589080702.468954, 1589080702.569876, 1589080702.610036, 1589080702.635787, 1589080702.682828, 1589080702.706097, 1589080702.746618, 1589080705.510564, 1589080705.693352, 1589080705.754246, 1589080705.930439, 1589080706.029969, 1589080706.114769, 1589080706.1662312, 1589080706.27139, 1589080706.4585788, 1589080706.5587049, 1589080706.5800178, 1589080706.625489, 1589080706.85629, 1589080707.3500102, 1589080707.470461, 1589080707.733995, 1589080707.856415, 1589080708.422571, 1589080708.538236, 1589080708.748745, 1589080708.7839, 1589080708.802342, 1589080709.0468962, 1589080709.236254, 1589080709.395452, 1589080709.5531058, 1589080709.582431, 1589080709.656798, 1589080709.792938, 1589080709.848332, 1589080709.9995022, 1589080710.3745852, 1589080710.4710772, 1589080710.507732, 1589080710.623724, 1589080710.732633, 1589080710.817662, 1589080710.8537788, 1589080710.996303, 1589080711.026805, 1589080711.168551, 1589080714.630739, 1589080714.918269, 1589080715.065448, 1589080715.272511, 1589080715.404743, 1589080715.478221, 1589080715.6517398, 1589080715.86164, 1589080716.090084, 1589080716.195553, 1589080716.285599, 1589080716.358211, 1589080716.5488188, 1589080716.754415, 1589080716.853628, 1589080717.2359948, 1589080717.5290802, 1589080717.77531, 1589080718.080147, 1589080718.30756, 1589080718.5699992, 1589080718.8071198, 1589080718.991735, 1589080719.157048, 1589080719.224193, 1589080722.356131, 1589080722.554975, 1589080722.733616, 1589080722.9137459, 1589080723.136232, 1589080723.253587, 1589080723.432999, 1589080726.194616, 1589080726.426114, 1589080726.880374, 1589080727.14657, 1589080727.398832, 1589080727.685798, 1589080727.910035, 1589080728.059552, 1589080728.3415759, 1589080728.526273, 1589080728.685576, 1589080728.914382, 1589080729.1450229, 1589080729.340458, 1589080729.566752, 1589080733.020941, 1589080733.285738, 1589080733.403254, 1589080733.566837, 1589080733.758996, 1589080733.9482229, 1589080734.1079738, 1589080734.173461, 1589080734.410326, 1589080734.6754298, 1589080734.947079, 1589080735.1212978, 1589080735.361171, 1589080735.602001, 1589080735.854391, 1589080736.023623, 1589080736.2808619, 1589080736.487494, 1589080736.693622, 1589080736.939014, 1589080737.248271, 1589080737.507023, 1589080737.748516, 1589080741.0819688, 1589080741.330116, 1589080741.5563881, 1589080741.782816, 1589080742.017472, 1589080742.2377129, 1589080742.465694, 1589080742.719171, 1589080742.98669, 1589080743.244889, 1589080743.4928489, 1589080743.750881, 1589080744.016625, 1589080744.255431, 1589080744.507015, 1589080744.764083, 1589080745.026607, 1589080745.28284, 1589080745.55306, 1589080745.8136399, 1589080749.235714, 1589080749.481921, 1589080749.727929, 1589080749.984145, 1589080750.258137, 1589080750.528826, 1589080750.771847, 1589080751.028909, 1589080751.2838862, 1589080751.537051, 1589080751.782869, 1589080752.031376, 1589080752.328442, 