{"initial_reset_timestamp": 1589081457.66034, "timestamps": [1589081466.8721752, 1589081477.242487, 1589081482.778284, 1589081484.7901351, 1589081486.8792179], "episode_lengths": [200, 200, 200, 200, 200], "episode_rewards": [200.0, 200.0, 200.0, 200.0, 200.0], "episode_types": ["t", "t", "t", "t", "t"]}