{"initial_reset_timestamp": 1589083055.4001548, "timestamps": [1589083072.5496042, 1589083079.7713869, 1589083086.961654, 1589083093.812674, 1589083100.061174], "episode_lengths": [352, 192, 203, 195, 184], "episode_rewards": [352.0, 192.0, 203.0, 195.0, 184.0], "episode_types": ["t", "t", "t", "t", "t"]}