{"initial_reset_timestamp": 1589087153.318512, "timestamps": [1589087176.1289172, 1589087191.091592, 1589087207.3277695, 1589087225.34821, 1589087240.699559, 1589087255.5556514, 1589087274.3342137, 1589087289.2044013, 1589087306.89827, 1589087322.2578406, 1589087338.4407203, 1589087354.1769862, 1589087370.833274, 1589087385.3592992, 1589087402.8191926, 1589087420.352864, 1589087436.6165395, 1589087453.5688193, 1589087471.4384634, 1589087487.476561, 1589087503.6494932, 1589087520.0443733, 1589087537.5758684, 1589087553.1712472, 1589087568.1232903, 1589087586.3481634, 1589087604.8025355, 1589087620.3258455, 1589087636.6551692, 1589087655.2168927, 1589087671.4578094, 1589087686.950555, 1589087701.907963, 1589087716.876331, 1589087731.5475352, 1589087747.5152252], "episode_lengths": [1581, 1012, 1163, 1283, 1091, 1052, 1319, 1020, 1165, 1070, 1116, 1080, 1140, 992, 1179, 1191, 1108, 1143, 1211, 1084, 1102, 1104, 1184, 1054, 1013, 1229, 1209, 993, 1090, 1244, 1077, 1042, 1005, 1005, 982, 1072], "episode_rewards": [-17.0, -21.0, -21.0, -20.0, -21.0, -21.0, -21.0, -21.0, -20.0, -21.0, -20.0, -21.0, -20.0, -21.0, -20.0, -20.0, -21.0, -21.0, -21.0, -21.0, -21.0, -20.0, -20.0, -21.0, -21.0, -19.0, -20.0, -21.0, -21.0, -21.0, -21.0, -21.0, -21.0, -21.0, -21.0, -21.0], "episode_types": ["t", "t", "t", "t", "t", "t", "t", "t", "t", "t", "t", "t", "t", "t", "t", "t", "t", "t", "t", "t", "t", "t", "t", "t", "t", "t", "t", "t", "t", "t", "t", "t", "t", "t", "t", "t", "t"]}