{"initial_reset_timestamp": 1589087153.3185549, "timestamps": [1589087171.7092164, 1589087186.8541949, 1589087202.4526336, 1589087217.6463203, 1589087234.262839, 1589087253.0893452, 1589087270.2207296, 1589087284.849889, 1589087303.094212, 1589087317.377915, 1589087331.8222063, 1589087349.1651554, 1589087364.9523516, 1589087379.2632954, 1589087396.3937812, 1589087411.0929298, 1589087427.4994304, 1589087444.762616, 1589087462.4491694, 1589087478.4248211, 1589087497.0696464, 1589087511.985585, 1589087530.4647975, 1589087548.2321975, 1589087565.0111897, 1589087582.9746952, 1589087600.431781, 1589087618.1318738, 1589087633.4826012, 1589087650.1729445, 1589087667.6612842, 1589087688.6735985, 1589087703.7303808, 1589087720.351805, 1589087736.908401, 1589087752.7565882], "episode_lengths": [1288, 1012, 1107, 1082, 1187, 1336, 1203, 1023, 1184, 991, 1005, 1189, 1083, 980, 1156, 998, 1113, 1176, 1192, 1082, 1263, 1010, 1245, 1209, 1134, 1213, 1154, 1125, 1030, 1115, 1167, 1405, 1013, 1117, 1104, 1066], "episode_rewards": [-20.0, -21.0, -21.0, -21.0, -20.0, -20.0, -20.0, -21.0, -21.0, -21.0, -21.0, -21.0, -21.0, -21.0, -21.0, -21.0, -21.0, -21.0, -21.0, -21.0, -21.0, -21.0, -20.0, -21.0, -21.0, -21.0, -21.0, -21.0, -21.0, -21.0, -21.0, -19.0, -21.0, -21.0, -20.0, -21.0], "episode_types": ["t", "t", "t", "t", "t", "t", "t", "t", "t", "t", "t", "t", "t", "t", "t", "t", "t", "t", "t", "t", "t", "t", "t", "t", "t", "t", "t", "t", "t", "t", "t", "t", "t", "t", "t", "t", "t"]}