{"initial_reset_timestamp": 1589087153.3183665, "timestamps": [1589087171.4213924, 1589087186.4750094, 1589087203.4490092, 1589087220.1196523, 1589087237.2663803, 1589087253.3118274, 1589087270.217528, 1589087286.930002, 1589087302.252632, 1589087317.460886, 1589087331.4564068, 1589087347.5157776, 1589087363.7526782, 1589087379.5315065, 1589087397.0152955, 1589087413.5143745, 1589087429.350049, 1589087447.2994027, 1589087463.4671242, 1589087477.994794, 1589087494.168726, 1589087510.6727872, 1589087526.4249675, 1589087541.375116, 1589087556.9785867, 1589087572.562755, 1589087588.8854408, 1589087608.6296709, 1589087623.7262983, 1589087639.05558, 1589087654.0051672, 1589087670.3152416, 1589087688.1981425, 1589087703.2491891, 1589087719.5536175, 1589087734.3806918, 1589087749.811449], "episode_lengths": [1274, 999, 1207, 1186, 1223, 1138, 1189, 1161, 992, 1050, 978, 1099, 1113, 1075, 1181, 1120, 1081, 1215, 1095, 980, 1103, 1116, 1064, 1012, 1051, 1056, 1100, 1274, 981, 1024, 1000, 1095, 1192, 1011, 1098, 994, 1030], "episode_rewards": [-19.0, -21.0, -21.0, -20.0, -20.0, -21.0, -20.0, -21.0, -21.0, -21.0, -21.0, -20.0, -20.0, -21.0, -21.0, -20.0, -21.0, -19.0, -20.0, -21.0, -21.0, -20.0, -21.0, -21.0, -21.0, -21.0, -21.0, -21.0, -21.0, -21.0, -21.0, -20.0, -21.0, -21.0, -21.0, -21.0, -21.0], "episode_types": ["t", "t", "t", "t", "t", "t", "t", "t", "t", "t", "t", "t", "t", "t", "t", "t", "t", "t", "t", "t", "t", "t", "t", "t", "t", "t", "t", "t", "t", "t", "t", "t", "t", "t", "t", "t", "t", "t"]}