{"initial_reset_timestamp": 1589081467.3500109, "timestamps": [1589081470.072961, 1589081476.4040792, 1589081478.094547, 1589081478.9606788, 1589081479.593496], "episode_lengths": [18, 122, 52, 58, 52], "episode_rewards": [18.0, 122.0, 52.0, 58.0, 52.0], "episode_types": ["t", "t", "t", "t", "t"]}